Country,1988,1989,1990,1991,1992,1993,1994,1995,1996,1997,1998,1999,2000,2001,2002,2003,2004,2005,2006,2007,2008,2009,2010,2011,2012,2013,2014,2015
Algeria,1028.6114252963,854.3009452511,904.2691551558,565.0980625673,1053.3016426926,1276.9110831256,1334.9116476746,1234.6551915859,1452.4310077463,1752.3952775472,1910.9620524694,1826.4965699771,1881.1636491195,2091.6272744933,2100.6025207732,2206.3957620001,2802.2247941316,2924.8201669571,3093.9782453687,3945.8151254683,5172.3369070403,5280.5881559423,5671.309117307,8652.2370400025,9326.2871440363,10405.4132375101,9724.3799719233,10412.7140028964
Libya,. .,. .,. .,. .,. .,. .,. .,. .,. .,1251.9908172875,1443.6217582671,1153.4870884908,1085.5346648705,819.7479936007,452.5136147575,541.4017665166,685.073220074,690.9307693484,614.3562962004,639.1370461889,1100.0686521299,. .,. .,. .,2987.4134077327,. .,3288.8242690978,. .
Morocco,917.2691447957,990.555090202,1069.7204919962,1148.4457104134,1228.5265528756,1251.7865381327,1365.2500187445,1437.8987007391,1447.1286892431,1400.9495009505,1444.9597164639,1207.5166098556,859.1514832104,1470.3176147925,1474.8743262617,1819.23007025,1937.5238215521,2031.1313805625,2134.5948760628,2408.3502495627,2944.958472736,3055.0694418587,3160.8048320336,3342.6989556075,3402.7008358406,4065.5523169353,4048.61092937,3268.246403025
Tunisia,232.9203407771,234.062029598,247.8558815392,260.4310306601,289.6771151687,276.1671349154,297.0688547279,342.9024583664,397.4695091883,358.1665777505,365.8493747365,357.0133953786,332.3897627455,335.6479068054,345.4242366694,407.3855610574,444.6514167342,468.4645799773,497.212663972,490.6505587813,578.911487331,564.7759337021,571.1890456895,715.2395970961,681.2259506111,759.3588812428,921.7873804251,979.5065393855
Angola,1469.3829801457,1948.5593956815,1751.1531519487,1031.2477880443,794.1388211617,1774.3978768274,. .,233.8437148893,159.7419334682,456.7804750262,170.2782925687,1066.5887892329,583.6213335989,404.2991399907,438.6862454112,670.0211644325,817.5335821521,1365.0553986904,1970.3091151838,2032.4328834343,3163.591147409,3311.1932452772,3500.7948364465,3639.4963735446,4144.6348514686,6090.7517020088,6841.8644843186,3601.0504269695
Benin,36.931589267,28.5259303842,32.8172919766,. .,. .,. .,. .,. .,. .,. .,. .,17.8431343887,14.4962751553,13.1125356223,26.0004476404,34.5440467997,41.7804783403,44.7060295601,46.7861309262,. .,64.7246011099,. .,. .,. .,78.2230910412,86.0031576391,92.9907061881,90.8882714586
Botswana,93.7470947561,102.7984157944,156.2508398415,172.2691881517,177.9860456077,185.6714828709,170.4337623154,165.8739778011,140.5601347693,160.5076751142,181.0510473558,169.578756163,184.7183946121,210.3220935568,223.5492588261,301.0143577788,314.0388971401,283.8357451055,272.9342747538,306.4514027126,332.4002542897,330.1472787395,348.6727252923,369.7954444418,333.4365820814,298.4613479606,378.7845028119,402.4029308836
Burkina Faso,57.1868872714,66.8165061691,84.4655023598,69.5055422233,71.1166185604,60.5269756289,30.259093488,36.8628142355,37.1418741399,38.5492462337,39.494738555,41.741175477,36.6585390519,36.832965231,42.468449959,50.7570543703,65.684242407,73.8433421554,72.6328673335,107.8167284624,116.9995868738,127.3332966246,123.7004746839,138.8508602018,147.7277401587,159.5336410007,204.1726080317,. .
Burundi,34.2554934293,37.9032817158,39.6023473767,42.7517588272,38.986476431,36.2674025867,41.9097450349,42.1089298798,50.8939807826,61.8701238254,58.7360362332,50.5711882632,42.3215522158,53.2303731064,44.9100670535,43.4132013079,44.872377146,49.5571293848,44.7175020415,46.3087062216,43.8563199487,. .,. .,. .,58.9666622762,60.8595000932,62.1772947391,66.3538472308
Cameroon,154.3706857189,146.8693575083,180.577745946,178.1983431818,183.7966391126,168.1752206326,94.5173404418,113.5755327077,116.9363036407,118.7111188019,137.2459115318,144.7046365188,123.0343438543,124.3017083675,145.6266105012,188.4996558844,221.1079246997,223.084623143,256.9278433323,296.698917305,346.5861256574,343.2651539859,354.054397842,347.4778856709,354.4474631116,392.8406606752,401.5290798216,353.7852916314
Cape Verde,5.0785721719,. .,. .,. .,3.5579026605,2.735413408,3.4313988873,6.2066300341,4.261939788,4.0997373807,4.5131548786,5.004734208,6.8010727982,4.6385561723,4.5208589376,5.7828316428,6.4521504916,7.0824165476,6.9851548395,7.9436595943,10.758715968,8.4029272926,8.2393692919,9.7575365624,9.7363858387,9.8156672595,10.0493322103,8.9230686388
Central African Rep.,. .,. .,. .,21.5981879216,23.1854381696,19.1444503696,10.6897452292,13.0141761562,12.1962185662,. .,. .,. .,. .,. .,10.6819629606,15.0189263593,15.1035899183,15.3961946507,. .,19.1125197437,31.5114837932,35.992384357,51.585274503,. .,. .,. .,. .,. .
Chad,77.8920791813,56.4249172435,34.3415422474,. .,35.3240747737,39.200036728,22.1539791609,20.0341381714,24.8264106093,16.6190083763,16.1030049902,20.9517962511,21.3490342371,26.192330831,34.290403852,40.9497591191,50.5409012181,55.4915179689,222.9914513569,389.1359096287,611.42684874,738.9037370867,615.8170074524,609.706993087,. .,726.4593960003,392.382917185,220.9636517329
Congo,. .,. .,. .,. .,125.6176990616,109.4775800511,. .,. .,. .,. .,. .,. .,. .,54.445943531,70.704230202,93.7766689608,124.2984373965,100.9160745296,126.5696417985,168.0795882045,207.7243443016,. .,218.3909206363,. .,. .,367.0573232937,704.8936622069,. .
"Congo, Dem. Rep.",214.9399291019,67.4947490973,45.9338135505,43.8919872097,85.5272943626,469.1738054899,. .,. .,89.2698799838,83.8250409228,26.6296671914,149.2778602678,132.8838217039,. .,. .,78.7080318799,137.6378055252,165.2050608979,205.1020865766,205.2172230285,159.998426585,122.3780109807,183.6820975083,238.7875465883,332.4939793749,374.4755613491,341.2247386044,491.2760222566
Côte d’Ivoire,128.1022534984,129.676998696,143.9737020917,144.1687019464,156.7973342602,148.6352383609,84.0716492107,. .,102.6601401226,93.5256112625,. .,. .,. .,. .,. .,213.0075705437,250.8115884418,249.8729780764,267.3602478533,323.6191934767,368.9105749154,420.0590445291,387.692139954,357.3302590142,407.5965341232,430.0036434297,521.2604795566,465.100591716
Djibouti,31.0599197619,31.0880537472,31.1161877325,31.7745229883,33.6257392205,31.0655465589,30.7110583443,29.6082061208,24.5272083772,26.5528553182,26.7047788387,26.7790525599,26.0250617541,26.048131622,33.2509945364,41.7637758059,37.3557429904,44.8472605939,49.5158141131,34.5187119136,36.2748352755,. .,. .,. .,. .,. .,. .,. .
Equatorial Guinea,. .,. .,. .,. .,. .,. .,2.3793013391,3.4478751793,. .,. .,. .,. .,. .,. .,. .,. .,. .,. .,. .,196.3143717385,292.7546588359,371.9275878573,. .,. .,. .,. .,166.5402546444,. .
Eritrea,xxx,xxx,xxx,xxx,xxx,107.7376492332,80.1983112104,124.9963498795,152.27180856,92.7563194082,263.0016856993,272.8567345752,230.6701298701,166.5502453689,150.7644252124,181.5836689989,. .,. .,. .,. .,. .,. .,. .,. .,. .,. .,. .,. .
Ethiopia,614.8550724638,781.5217391304,785.0483091787,529.0338164251,255.3434433541,163.85,148.6916742909,122.460147475,126.4547332359,225.4171051102,458.5499254487,703.7048695269,617.5416136279,349.8082764508,288.9323334598,278.6731599315,311.0387489896,342.0666386659,345.6870170211,360.140308612,388.1875967474,339.6277679663,303.6170330891,332.4417723916,366.5390176675,345.064165844,393.7814613312,422.9276915692
Gabon,. .,. .,. .,. .,. .,. .,. .,. .,. .,. .,. .,. .,91.2952121982,90.0361372314,94.693165449,108.3964211975,125.1218565736,118.1114304564,130.2377173019,. .,. .,. .,268.7385039079,265.965337617,278.1439571267,282.16338758,208.1247534966,170.360101437
Gambia,2.1614627587,2.7229883511,3.4649111117,3.9962716732,3.5016878923,2.5563886676,2.316899696,2.8865517075,3.9297062315,4.1763886983,4.0495720232,3.5190564365,3.3235321718,2.4542302004,2.2592856641,1.9978619372,1.9313954998,2.9850850732,2.7863192438,4.5470261404,17.1635334619,7.0952995751,. .,. .,11.1730798607,10.3788906935,14.5999568687,12.4876630937
Ghana,22.7604246503,22.6269663338,27.612553502,41.4271841755,41.6639960444,41.0043285772,37.8232508303,49.0543222643,44.4178126166,45.4833102209,57.4530856614,59.2777609013,50.8826082409,32.3521404988,36.9754813438,53.244020287,56.3538429897,64.1965663995,75.7326079271,126.0777889929,113.668160248,118.2907438955,122.480468477,234.327479578,337.2609727033,254.9970573936,178.2503356784,179.9819947702
Guinea,. .,. .,. .,71.7641783996,55.6540402949,43.9565039927,45.8717475088,. .,. .,44.3701898058,45.0344833162,55.2111863918,45.9679312141,87.7183988188,98.0848651713,84.133949308,81.018570098,. .,. .,. .,. .,. .,. .,. .,168.9133574679,192.533744072,254.7718031628,. .
Guinea-Bissau,. .,4.4347251548,. .,. .,. .,. .,2.0167287651,2.2119199105,1.8977436567,1.8178111224,2.9002359514,. .,9.5313606077,6.1831635152,6.3630937692,7.5051617343,. .,12.1163748322,. .,. .,. .,13.7445837022,17.129808168,17.5198043512,24.4917506812,21.7107926484,21.4708291617,18.6022688081
Kenya,250.9424074919,228.6061489853,246.4564386335,191.9085062836,156.0366020213,105.7045273123,117.3314826246,149.0964382518,170.8048162564,175.8348969383,171.9640132722,151.9177774428,165.5847352495,195.3650054988,213.8945080007,245.9386638151,259.8078407152,316.7994854019,375.8072032488,494.6848966689,580.0119406782,578.0716723549,622.0498477911,646.6781067168,840.0725899567,860.5608961147,819.0441527718,954.4224497591
Lesotho,16.9564586293,22.6104595299,24.1659323161,22.3081714542,24.2372922956,22.1406843874,25.8533288273,34.3732854713,28.347308314,28.7003359404,27.807021352,34.0781866869,30.555503521,23.3907294307,19.5598964016,27.3637595426,31.3869551016,33.6198939196,35.2245793061,39.8346715644,27.3506818605,47.3997689313,70.6610373681,58.1693207531,53.2401458227,47.9411831723,47.6932007703,43.1250138446
Liberia,. .,. .,. .,. .,. .,. .,. .,. .,. .,. .,. .,. .,. .,. .,. .,. .,3.182,8.025,3.925,3.486,3.907,7.193,8.458,13.271,15.179,15.1115,14.3845,13.5195
Madagascar,32.9044385458,30.2474679439,37.948124178,34.7070874379,23.1026333649,37.8307908151,27.5809456743,27.1706641223,49.4429055094,52.544736687,50.4465762488,45.0364429167,47.210934614,65.037565455,57.743396834,72.5170188883,54.4717100264,54.0181624838,53.9140176446,81.9369436677,103.2715395377,70.9852214231,56.9228928922,71.9898080114,68.6360178043,71.8778744942,69.6767033431,61.0389035513
Malawi,20.1674930699,22.7811358497,24.3121720266,23.7041211996,25.2381163829,25.728062724,17.0608030768,11.047717503,20.1522030245,26.4074871383,14.4741203693,14.4029794888,11.7275014359,12.6819146976,14.815169795,13.1188258538,21.9657385811,38.2135618983,31.0905495023,33.5996055931,44.4642514037,58.7973818244,49.9842179059,52.8048429863,49.5340337045,68.59774922,53.9122692451,41.8765110115
Mali,48.0110660471,46.0803490822,52.1550695095,. .,. .,44.4973389885,29.8988661846,40.4689591063,39.6831602652,40.2625460663,41.0202863962,43.8525968046,43.6812476825,44.881650226,49.355225628,66.7584308328,77.4203318285,86.4507420355,96.0048958672,110.3768880394,142.9193510568,144.4346083958,146.7865457108,161.0626745729,148.8657798706,153.8336976763,218.1183823306,309.1445477599
Mauritania,42.9838641099,38.8797245066,40.1816174373,39.4407034894,39.3786741555,30.1557869642,29.4881650819,31.9878552494,37.887510749,41.5994415652,25.6106878329,31.9596781122,37.8783122596,51.8524893498,36.2811374149,62.449150287,. .,66.6596366485,81.9061801936,. .,123.3233838365,114.8243293719,. .,. .,142.2999123458,144.2154834676,150.32139735,135.3704129615
Mauritius,4.6883023136,6.327951842,9.1835704915,10.4968598864,11.4275984373,10.777425204,11.8538562616,13.4473694806,12.9735180883,9.801826445,8.4567389248,9.0408087097,9.3601426307,8.9772153811,9.5020359122,10.8829274412,10.9351419168,10.8861480462,10.8142714322,11.6322887426,15.5801889445,15.3161158706,14.8744169125,17.5120183934,16.6622296173,23.2008963761,32.8717915224,. .
Mozambique,63.8527003974,79.0691055928,84.5989996653,71.8035232525,59.6054121714,59.3664822004,72.8646919231,33.4650882669,36.0377909808,42.0146228213,49.2648173412,56.5161916541,55.3614584428,50.6192159818,53.5095869584,59.7713425531,77.6306058553,62.2479510862,57.4391357753,68.6253642566,83.7094557336,84.3028094032,99.189931714,118.8711830354,139.100553343,157.8921143632,173.7521808329,148.4000364976
Namibia,xxx,xxx,. .,144.7677197862,124.5612743293,70.155520329,56.958995156,68.2365201856,66.4635351856,83.6595803783,78.9124284588,105.7659571682,92.3977964878,96.7571824494,87.9922585787,129.4490895271,166.9971778831,192.0721208052,199.5591851201,228.17467358,266.2500211833,299.5160302443,396.5391014066,443.5914244753,412.1635036425,389.9587366624,545.9540022299,554.425273409
Niger,. .,. .,. .,. .,. .,. .,17.4710242163,18.4314071177,17.3980357813,17.3043283094,22.0356910393,23.5504686543,20.0849466836,24.8281469335,20.6603270071,24.6042670337,31.6117247319,32.7981981845,. .,. .,53.6304864841,53.000300729,66.8898414423,83.947561384,69.7965043964,. .,. .,. .
Nigeria,271.1060465465,170.7055112679,277.2977834838,243.705781024,173.6576793229,289.2311039002,319.6944899073,639.4066306468,701.4128785802,818.784525338,1149.6847299644,491.67136859,368.6441094624,570.6322877615,896.9132014132,587.4618872947,639.9900668232,674.2081447964,776.1480583279,971.3213786087,1615.5332107368,1504.4861721132,1990.0996686583,2384.9360217138,2316.4781998616,2418.7601708706,2357.6658909008,2070.934859006
Rwanda,36.6263471628,41.6224781345,95.1327354335,105.3338020517,88.5701700028,89.4361363589,40.5105753923,56.4493367203,73.6588227625,77.2725765264,87.0918370614,80.8523635841,61.3298571194,56.8859031314,51.1186141176,45.1962689829,41.2157610456,44.9963518894,54.5576480397,55.5804408041,67.660359624,75.2784860541,74.5144172865,75.3839285566,79.7939100921,82.4807155803,90.9362891612,92.894588318
Senegal,105.288603583,99.6025178052,118.21570896,110.0149943107,109.7728680882,119.9379862482,66.1467385921,80.9158806606,79.774881146,70.8004022828,75.0908548492,78.2850061475,62.36165264,68.891286821,74.3613950312,96.8565037853,107.5536878768,124.4037552989,148.5551454417,192.8079755126,216.8702895233,214.824242989,195.7328929064,230.1903506504,196.6614890104,236.7379159582,239.893611642,214.809805579
Seychelles,12.1480727473,13.0364240522,14.8400756994,16.5617065364,20.4998848102,12.949843,11.8871962436,11.5918411918,10.5433019851,11.3983534739,10.5423787435,11.0901474568,10.3258415561,11.0653960536,11.6999359493,12.2391088596,15.9272727273,14.7272727273,14.3663865181,15.1767033872,11.1248101983,8.6512024335,7.1575597872,8.7127049511,9.924109749,13.766451324,34.4394759551,18.1505224766
Sierra Leone,9.0114750216,14.3949121258,12.3872535425,23.1797497156,26.661754518,23.339131109,26.4955516924,25.023304591,18.5928152818,9.490749703,. .,. .,23.3108043516,29.9111346072,27.1339618776,28.4679335929,22.9615370377,23.552130233,28.0224584812,29.0768761787,23.6457365563,26.4055646626,25.0622786312,25.4761839068,29.7589340798,31.6849394114,49.9138819573,42.2224594824
Somalia,. .,. .,. .,. .,. .,. .,. .,. .,. .,. .,. .,. .,. .,. .,. .,. .,. .,. .,. .,. .,. .,. .,. .,. .,. .,. .,. .,. .
South Africa,4263.0868232262,4181.8864672778,4364.4582038557,3874.4151347906,3677.4064607067,3254.3133786654,3478.5822913146,3292.4465618443,2591.7871306128,2414.1377095287,1905.6560087405,1738.0366250483,1891.7250134369,1802.262236357,1766.0828977203,2574.1762781321,3099.0651254162,3566.9638153705,3506.1396578331,3525.6842436948,3285.9250812834,3592.6877020229,4188.1680922032,4594.1540779466,4489.5900959443,4118.2084834273,3893.478120652,3460.4796990124
South Sudan,xxx,xxx,xxx,xxx,xxx,xxx,xxx,xxx,xxx,xxx,xxx,xxx,xxx,xxx,xxx,xxx,xxx,xxx,551.4545044278,587.9668667229,896.3907069315,609.8986326487,650.9106678231,1052.7219703686,988.2259887006,981.9830508475,1298.2881355932,1365.7288135593
Sudan,369.3333333333,. .,1177.7777777778,1365.7981149111,183.7184407128,257.9810939403,226.1670044785,138.756425662,106.3327976719,97.7318593169,259.9575701437,429.6178974461,587.2675723292,388.0913174231,484.6072630324,398.1102217386,1240.7669490704,1164.9959360607,1537.1650403172,. .,. .,. .,. .,. .,. .,. .,. .,. .
Swaziland,8.7201502549,8.7315265301,14.223211663,16.0068373097,20.976434164,23.7243477143,25.8040441591,28.7696197227,26.4865619222,25.6621151225,25.7313305404,25.8532641076,24.4710605303,19.6650552085,18.338440521,31.9276909349,42.6955473095,59.4716739028,58.520575053,61.8775167237,66.6578301994,75.9116179884,102.0321749654,106.6294089212,90.6397952733,86.0403767558,81.3553309315,73.5317390499
Tanzania,124.8336977463,105.3167523382,87.1544582069,108.1416518751,96.907036425,58.7257016241,58.375569775,85.5136560872,101.0384894573,118.6038077377,134.276958074,128.4979436301,135.0559526442,150.7281963278,140.7535617738,125.2547138923,127.5678628148,139.4935912767,147.4179247544,166.2155432757,194.0003009253,219.4768652816,282.72509881,307.4739841742,359.739418825,443.379945515,496.2406287787,516.6074547797
Togo,43.089092423,41.8610191594,50.7483517896,45.9045681249,49.1136868511,50.1477947331,25.3960248917,30.852572784,. .,. .,. .,. .,. .,. .,. .,28.831211287,31.7196210379,33.2380352931,. .,. .,57.0091892677,55.1308170933,56.8328430353,59.0188740024,62.93104968,72.4192373087,83.0800036407,69.9712595097
Uganda,140.904123012,139.8212396679,107.0062142216,73.5615999782,52.331345969,62.6366504326,104.1278479139,127.0026225157,135.3935645457,139.6159776918,154.7125315445,159.7045702934,141.3030258805,136.1573425378,142.1915941142,152.3799217811,196.0158537259,216.6670410576,218.5339485107,252.1192464128,311.8562693265,293.5276706608,608.6858685869,607.1350708552,351.8382470374,300.0755733719,325.6628419988,287.9563273753
Zambia,86.7406563255,167.5872503384,139.3240472645,86.247306222,97.7562799772,51.128294494,62.869469995,55.265536344,37.835913569,43.3624952453,. .,56.1134328858,. .,. .,. .,. .,98.3494040445,139.5093536462,205.8522315692,232.2786644414,278.0551358105,220.9622858003,280.1877785514,309.1137641519,346.30142309,381.3458020827,443.604396033,372.1892428632
Zimbabwe,407.05,408.6,416.3,376.05,296.35,249.8,247.9,262.9,291.65,311.4,306,263.4,346.3,286.7,677,194.8,256.1,131.4,161.7,. .,. .,. .,98.293,198.438,318.272,356.7,368.1,376.677
Belize,. .,4.355375,4.76875,4.732875,5.292125,6.130375,7.899375,8.052875,7.965875,9.395,. .,. .,7.116125,7.4546625,7.8299375,8.552225,9.48615,10.7109625,12.2830375,13.759075,18.7177375,17.2675375,15.33725,15.41625,15.219125,17.778875,17.76025,19.632125
Costa Rica,. .,. .,. .,. .,. .,. .,. .,. .,. .,. .,. .,. .,. .,. .,. .,. .,. .,. .,. .,. .,. .,. .,. .,. .,. .,. .,. .,. .
Cuba,. .,. .,. .,. .,. .,. .,. .,. .,. .,. .,. .,. .,. .,. .,. .,. .,. .,78.5571428571,76.5874439462,83.3656387665,89.0572687225,92.4625550661,94.2775330396,93.7444933921,126.872246696,119.3832599119,125.6387665198,. .
Dominican Rep.,47.2963687644,53.5173501577,47.7989044374,33.8942989506,63.1272408448,95.9939412108,100.9566796605,84.4499683763,107.0012922335,150.6641898286,159.0530963017,175.0004677823,246.8108437405,305.9003279926,271.663317177,155.8024955645,152.8784668447,272.2004811443,259.2403251368,274.7756807627,333.5388816071,320.8552892084,354.8567813738,348.5598300882,396.1871785681,383.3802540656,437.5720911011,443.2008996172
El Salvador,178.9633451957,213.0296797153,163.8866903915,145.1271886121,134.1937366548,116.4700355872,109.334519573,111.6362989324,110.8306761566,112.2117437722,110.8306761566,114.7437010676,110.3703202847,150.6514590747,161.7,126.6,128,132.9,142.1,165.6,173,189.9,201,220.7,224.3,237.5,233.8,223.148
Guatemala,124.7986318417,129.0889592773,112.5450313882,101.5753010611,130.8970086817,122.9735101218,140.1794408124,145.068963262,129.5146218454,132.1128325697,139.8043677136,123.7541651942,157.848092787,196.76557754,158.3681192587,178.7717939515,114.8933492733,104.4676798613,130.5469291548,135.9258728318,166.494048304,147.4105440627,169.7988401257,197.4331506842,224.3665436497,249.7578533782,245.6729817918,274.4410765132
Haiti,1.9724,2.23155,2.6704,2.6232273867,1.7436059365,1.6496393059,1.5999667553,2.4788711887,. .,. .,. .,. .,. .,. .,. .,. .,. .,. .,. .,. .,. .,. .,. .,. .,. .,. .,. .,. .
Honduras,132,138,67.1209490319,47.3980894056,. .,40.5928691293,. .,. .,. .,. .,. .,. .,52.4623968947,62.9519765796,63.6021760561,82.1951767914,60.5617866441,62.5892748098,75.5959185402,95.9243401728,132.428400639,156.8025572768,170.1869796931,200.3584058867,212.3412743178,284.8077280509,327.9432624113,323.7591041942
Jamaica,30.9325778211,40.9338096034,38.6099445576,31.8919766588,47.1923276264,44.5425795435,34.2185039549,35.2988296089,41.7912639145,54.8546088774,47.6402188782,45.1310717533,43.5662324913,46.3743822873,56.8981470963,54.845871817,54.5331322348,59.3297763191,72.6455230067,83.5119420975,130.6991706549,114.8083318448,115.5713959684,133.6385598277,137.6355056681,128.4313230115,121.3099585343,118.2914429929
Mexico,981.9146455737,1153.3758282652,1327.241698073,1599.5070284883,2000.0646224434,2327.3056406109,2888.8158050677,1712.9246677665,2063.9651553731,2394.1523983199,2480.9436035744,2908.1419187482,3323.1241724446,3540.2265385332,3479.5090286207,3245.3424784503,3129.0093921673,3621.5234127676,4082.5014679977,4779.8356545451,4939.6659388843,4855.5148555149,5897.1984805318,6471.3884394646,6978.7767189339,7837.613529596,8663.3816061689,7737.5649493261
Nicaragua,. .,. .,1142.4759796199,67.6683454972,47.2,40.2105896189,35.4014945976,35.1198514629,31.5334005098,30.2707005021,26.2712745348,26.9279296825,30.8252656807,28.1934504446,34.8319100714,35.3071249818,32.6280651557,34.1235739513,37.2851451338,39.4720437976,42.6597287824,41.7217729049,44.2724429211,51.4531111339,70.1329698004,74.5320109373,81.3919310911,71.6233732715
Panama,102.9,101.9,73.1,78.6,78.8,95.2,101,96.6,101.2,118,104,111.6,. .,. .,. .,. .,. .,. .,. .,. .,. .,. .,. .,. .,. .,. .,. .,. .
Trinidad & Tobago,. .,. .,. .,. .,. .,22.6448767543,24.202817586,. .,. .,. .,. .,. .,. .,13.9454407192,19.4921167351,33.7365570047,75.8891504829,97.7528589298,115.5604630973,124.7505147732,139.0984556629,138.5237102188,143.0630647587,146.0806952397,168.7624424537,211.1760259397,195.1122936329,254.5746233133
Canada,9897.3356842798,10747.1346886376,11414.6318468936,11338.5032992354,10788.80312394,10268.8226220283,9577.3776397879,9176.9039083676,8615.8844712388,7945.1401828661,7748.6079840373,8210.7785398424,8299.3852307237,8375.5714248818,8495.3992812173,9958.2456015132,11336.4898310556,12988.1329636232,14809.8928029902,17417.1399311051,19342.0584045584,18936.226051964,19315.6888250369,21393.7208637223,20452.1071109741,18515.7312099437,17853.7202784558,15031.0016770578
USA,293093,304085,306170,280292,305141,297637,288059,278856,271417,276325,274278,280969,301697,312743,356720,415223,464676,503353,527660,556961,621131,668567,698180,711338,684780,639704,609914,596024
Argentina,2696.3416584786,1440.9221902017,2050.9076291713,2858.7788421002,3254.4551916838,3368.5504521766,3754.7246868894,3801.9504876219,3379.1387697654,3340.6703351676,3398.6993496748,3461.7308654327,3266.6333166583,3183.591795898,1114.1724829104,1374.8737343267,1465.8091882462,1699.5791518291,1847.5531298395,2296.4482418878,2788.9802045697,2981.8522900938,3475.3484074635,4051.9301045707,4563.2178587723,5137.9743009699,4979.4427244582,5474.6133945219
Bolivia,92.9169516675,101.6908724345,137.0651275157,143.6439601074,141.4419103094,109.8971179908,134.5952403626,140.7608627722,146.9630178477,180.2004468755,228.6770003612,176.7442420614,173.245422525,184.3975710316,160.4379358438,173.4313248041,168.8816030705,169.2623164221,179.5254892269,221.2806877886,327.1947081643,345.7777777778,327.413146122,403.5685660578,499.8700434153,564.4098408104,625.8850940666,535.32567059
Brazil,5874.1677528446,8761.4869658102,9236.2969554053,6694.6652951506,4993.8044669281,7099.8991550974,10591.4991183781,14318.9196080931,14073.2265446224,13934.2665516378,14357.3570468411,9866.9739185084,11344.0325349018,10930.2315683746,9664.561903327,8392.905884035,9780.1115851657,13588.6197363611,16404.867307489,20485.7580146477,24452.9030358224,25648.8099108246,34002.9444700238,36936.2098958053,33987.0050740629,32874.7872305887,32659.6142408021,24584.1989226484
Chile,999.951022807,988.934423159,1031.4755840382,1038.0394941813,1168.8583910684,1291.0536759648,1466.0488318018,1827.9973687726,1904.1058343258,2120.7026079491,2112.3731229144,2043.1348115186,2103.4606096885,1893.0982237636,1779.5531376599,1828.1800063061,2492.0881533118,3001.2433722542,3730.1400216869,3958.1674526857,4545.7938487275,3760.2966872303,4706.9176029742,5440.0952719634,5476.1743248827,5669.3439779677,5127.4029189197,4615.2694953967
Colombia,862.3744041929,865.2056627841,889.9790745412,911.4675891919,1102.3572269592,1529.4328932352,2005.1228877557,2619.3381871244,4318.5523155427,2988.7112606928,3389.8067375389,3247.2967663689,3027.9227932372,3264.4381922309,3347.5226016676,3278.369502893,4056.8969911855,4914.1901819608,5326.6642384611,6775.7627665052,9051.1305019541,9033.2026725232,10422.0544936452,10306.5785059573,11706.2719127386,12503.812627422,11845.9570981826,9871.2391605675
Ecuador,198,189,202,209,211,276,291,475,419,499,549,296,266,384,505,739,710,954,950,1310,1646,1949,2094,2453.7,2589.776,2803.725,2922.319,2697.4614015614
Guyana,11.02,6.0238302134,3.5893284902,2.0313743728,3.6253499944,4.4365264736,5.4855521007,5.6915606139,5.5583401603,. .,. .,. .,12.5856492901,14.3710528985,16.6522434637,16.3453305687,22.1322387397,18.5065666041,19.1769736448,24.9719541184,30.5205934205,31.0556508948,31.0750554912,32.4167475419,33.5426066021,35.1634857883,39.2809991814,45.1755514716
Paraguay,80.9090909091,76.9726004052,90.1765313341,145.6405922214,144.6415954568,110.0696534526,121.8001218001,151.8069097615,145.3707440162,177.2382063126,147.2222527866,123.0494987288,116.3968046811,96.3240970986,73.8069996816,67.0419062503,89.2447669962,82.276350122,112.0405432742,138.553307158,177.9182442405,177.5691335424,216.2197547862,302.0456074552,338.9891794654,394.3601339607,431.9867598646,462.2643967049
Peru,736.6182314953,862.6541994382,777.0669448495,697.7346278317,904.6178049975,956.5864649553,1111.1617312073,1413.4636293841,1396.4692886811,1178.7536080656,1141.8088737201,992.2177263229,912.005730659,904.2354491093,839.6132518129,891.2539133585,922.0460744704,1149.4490023788,1217.6736315794,1222.7465121929,1385.0657055611,1723.1222874903,1956.2708840686,2025.5255800443,2378.4591236697,2959.5099744624,2929.1591523895,3039.9456910148
Uruguay,259.9670299325,297.821236425,328.3510620105,268.6280146308,366.9651978141,418.9196389831,450.4433060001,523.8620255158,575.6520146566,575.2062894587,573.2484076433,574.2858906634,562.2499917353,523.6840327049,344.4041962648,277.0421891119,288.0813274944,361.417728138,403.889770452,430.573899706,592.9553732106,650.5671747607,788.0135398543,842.0747429353,904.9954211102,1068.5200374971,851.7895551923,962.5540428362
Venezuela,1096.5517241379,1196.2515529651,737.870454686,983.7219533656,992.9324849781,1287.9547608642,939.6832314208,1198.8102373871,733.1975560081,1541.033863861,1450.9639916211,1408.0647158364,1788.3220803363,1911.4001365286,1071.3639691632,987.8901777269,1448.7159829327,2053.8341906927,2997.5780158361,2970.0978108989,4325.1047973917,4020.0279459711,3362.8188345739,2384.771407922,4965.6121045392,5313.5272058678,5576.5175807825,5264.7116615588
Kazakhstan,xxx,xxx,xxx,xxx,. .,. .,106.9268929577,177.6866283839,241.7712058695,236.7522783761,242.6462230838,143.9053571279,143.5275411059,221.4862065206,245.9567194462,317.5643151308,426.4417245562,591.9852498495,793.0271474911,1359.7760986994,1540.8108130575,1271.8902757344,1501.8153438974,1803.9707818116,2177.5432054885,2551.1243747083,2306.4645743114,1901.7281634418
Kyrgyzstan,xxx,xxx,xxx,xxx,. .,. .,28.6726251418,51.598795036,54.5867942793,55.0048092153,43.7579183783,32.4823047757,39.4431890122,35.8340568027,43.775393026,55.0764747391,63.0151536111,75.719670924,89.8067138364,116.2762653318,149.3112706632,148.9601226922,184.3822270762,210.6453940824,211.852056718,234.443547538,252.1149362304,235.5181491752
Tajikistan,xxx,xxx,xxx,xxx,1.0370586424,23.4981752177,14.1828915299,5.8034006463,13.4585448393,19.0509893604,22.6132303235,15.1261522552,10.3532811559,12.4682255637,25.5776681994,34.7883463939,45.1100989392,. .,. .,. .,52.4671206044,47.5292743156,53.7569337082,71.3421167937,76.2604718313,. .,104.280653973,. .
Turkmenistan,xxx,xxx,xxx,xxx,. .,. .,79.5833333333,135.6126126126,48.5493865031,106.1905910736,87.5100401606,111.9230769231,. .,. .,. .,. .,. .,. .,. .,. .,. .,. .,. .,. .,. .,. .,. .,. .
Uzbekistan,xxx,xxx,xxx,xxx,. .,. .,86.9298245614,112.6784214945,172.211545661,217.7471907434,. .,250.0717360115,115.3753846154,59.7606104651,45.9144329897,54.1336954635,. .,. .,. .,. .,. .,. .,. .,. .,. .,. .,. .,. .
"China",. .,11403.4530199649,10085.081566563,9953.6417583532,12420.300874589,12577.1659296489,10050.5865590562,12606.2295992777,14563.2403904419,16104.9152316784,17527.9898685391,21027.3412415972,22929.7646066386,27875.3872836086,32137.7356491087,35126.306608063,40352.713136126,45728.9131427965,55337.4876691415,68090.027756516,86412.4742038809,105633.726783007,115700.600988647,137967.304294479,157445.768359878,177848.187555936,199651.442932225,214787.271399485
Japan,28216.1027529808,27966.3535415036,28800.4516824134,32785.4157541924,35999.1235758107,41353.9362218745,45285.594082655,49961.6732369689,44047.1046801313,40634.8406079791,37849.0126427562,43122.8985049207,45509.6738273094,40757.9672341581,39333.7081698408,42486.177361062,45339.8094146572,44300.6133299461,41552.5928855794,40530.0456884692,46361.4682804594,51465.1582075898,54655.450735305,60762.2138408911,60011.5301946974,49023.9324068581,45866.7861691589,40884.8161166863
"North Korea",. .,. .,. .,. .,. .,. .,. .,. .,. .,. .,. .,. .,. .,. .,. .,. .,. .,. .,. .,. .,. .,. .,. .,. .,. .,. .,. .,. .
"South Korea",7732.3956755456,9468.9748844303,10110.7148710587,10956.5243477561,11614.6651960992,12377.4248727063,13519.2657627271,16085.0956794805,16408.6652669578,14848.4845299378,10457.9575293983,12095.1868239094,13801.1070241211,12941.8508276594,14101.7033147096,15847.047272178,17829.8641427723,22159.5125571222,25177.2377410344,27726.1295852493,26072.4105076902,24575.6619391823,28175.1812189679,30991.7079464761,31951.760810319,34354.1124354934,37286.22169883,36434.9114475341
Mongolia,. .,. .,. .,110.8383146086,33.0418912018,14.0571029555,16.3936412249,21.2811487853,21.6081968917,18.6925943554,19.920839934,18.0218618807,24.2655595494,23.1247153138,25.2821284146,24.3332112268,27.7490930566,29.7979672267,39.1896244808,56.5618591934,66.749871333,37.6337460008,54.855717507,87.1578481573,117.9304350388,107.0259132637,105.1024786297,102.2656103847
Taiwan,7110.0917431193,8142.2018348624,8701.1489978805,9304.4937534962,10071.0900473934,11653.4657217569,11953.3582794724,11470.210677339,11765.2414596839,11325.0994347917,9231.5742263418,9568.8960515713,8800.6405124099,7982.2485207101,7531.453362256,7472.8339822186,7833.1637843337,8011.3159449125,7645.0155236544,8157.2376834541,8960.243678015,9122.8176344216,9092.3456165856,9998.2351344013,10496.825825623,9964.3049568966,10240.3687849852,9803.312169782
Afghanistan,. .,. .,. .,. .,. .,. .,. .,. .,. .,. .,. .,. .,. .,. .,. .,. .,125.1115574571,122.7271931349,131.3462312695,219.5802142962,240.532594621,251.8695148203,298.1468525196,325.807003658,238.5833853743,217.1941071133,268.2270742358,199.2969673207
Bangladesh,331.995586628,378.7961352461,373.0234389593,381.7201100523,427.7236249794,471.0446723351,547.417522185,620.0951559284,638.9588448328,681.9151239873,701.5856003532,737.4125736072,740.7981600057,705.481695213,681.8161617197,719.4429569409,770.641160289,773.6776681792,829.6827948377,953.4642235996,1030.0200182388,1258.7911566024,1624.6250859664,1801.5398018136,1823.4250763779,2047.9890708703,2374.0231399289,2669.1030371585
India,11346.4191534156,10589.796924594,10537.0354500528,8622.4738813846,8083.2314097098,8253.5425814851,8880.5512260269,9754.4646298929,9904.6727363038,11464.8833898324,11920.6108183832,13895.562461387,14287.5142407035,14600.6423460997,14749.6672515907,16333.986643282,20238.5665265411,23072.3129251701,23951.9279581522,28254.7734500647,33002.3767273797,38722.1543921843,46090.4456565003,49633.8157937027,47216.9200482061,47403.5288014226,50914.1083410482,51257.0167392023
Nepal,35.7891211377,36.3311363503,37.9291911254,35.4314857066,37.6075378943,37.0418374233,39.2529986335,39.7665845062,39.5470260354,42.5878519898,42.2730758854,47.4849573707,51.3581353086,64.7017383751,85.4058857218,102.9341462069,130.6503279329,159.3260237503,157.2476895249,169.5753971241,187.069695836,209.7035019576,254.9500721067,284.5188510626,256.6868394736,279.2711830719,313.4924063707,311.9025073209
Pakistan,2721.7232396283,2580.1426380741,2810.1016243309,3067.1237941582,3388.7763726538,3308.7607445779,3320.6179293739,3665.9324267525,3547.7996712742,3320.2388626054,3218.8817382849,3080.7645144412,2973.072721918,2842.0467904249,3273.4018933825,3722.8147942928,4128.1954893671,4587.1174251653,4969.1976114668,5342.5751376804,5226.6787865015,5274.5649707696,5974.6131760762,6954.7875112632,7478.9710820256,7645.4555294257,8654.9307616222,9509.6847801074
Sri Lanka,165.4866255015,125.6827872422,187.0234056945,277.3890238449,326.7654735612,354.785171205,437.0324050746,763.6639636616,767.1055916803,698.7927708638,733.4356347003,631.0141501087,822.1273655901,675.0165020194,571.6579502227,541.6955895608,619.3054924205,644.2118251109,791.4910406682,1054.8168102474,1511.3630069969,1522.232372004,1532.0261091064,1751.9106407995,1461.5643832825,1684.3703755356,2021.9813885804,1819.1655489058
Brunei,178.392184534,186.12902895,231.1685875544,245.4342855489,251.6927874669,233.9412918758,261.8760802388,285.7384752148,328.3594791637,369.0707902021,293.9770554493,258.4131778921,244.2052019768,217.6679391869,226.1824314891,243.3732450149,199.381149311,248.5880797885,293.4364635321,323.1371508195,361.9890344842,349.7597228047,390.7195400107,415.3715289647,411.261473947,412.0942797542,527.7852317212,424.0889519487
Cambodia,. .,. .,29.0909090909,43.2946836634,62.2937358872,44.6262551134,107.2586189962,123.1011534868,113.5636108655,103.419601188,83.3239860913,88.172003477,81.025841307,70.846940886,65.1827160999,67.5252244339,69.2187986306,70.9590714722,75.8813135929,79.0154258821,82.630723428,136.5897379528,167.8579279891,192.1594185044,217.3057277461,243.4701098765,278.3405572755,. .
Indonesia,1356.7064127662,1409.5567381897,1613.9753962698,1697.0292054637,1887.6359659494,1933.3045853098,2239.7315746847,2478.7535410765,2874.845237587,3231.358571242,972.7021251099,1135.1470054678,1129.5428395694,919.022697814,1369.8571288955,2134.7467043172,2428.9477952981,2146.2707913865,2611.8751173668,3348.7583415381,3232.2022154953,3304.4591382015,4663.3657593755,5838.0261857172,6531.0979552832,8384.0286009253,6929.255301217,7640.5963539922
Laos,. .,. .,. .,. .,102.2926113314,107.6439790576,116.1053803505,103.7045321801,78.4454660149,67.0645565803,33.3502105611,15.3829473868,13.7176645993,12.5745707783,11.4356174736,11.0133409026,11.4969675213,11.9659884376,13.4105650646,14.8388655401,16.2678889598,13.9736145279,15.356402951,19.0098205991,20.3271576571,22.6777131196,. .,. .
Malaysia,855.7419867266,1019.2554746681,1125.0078562001,1571.9599864731,1766.5208959794,1923.3981717811,2120.5978066198,2444.0983868392,2420.9639339571,2089.0874772056,1158.6573131484,1663.2894736842,1533.1578947368,1934.4736842105,2237.8947368421,2881.5789473684,2823.1578947368,3120.3377791391,3266.197405798,3970.5373272399,4411.7955651217,3964.817704639,3854.2853506111,4692.4836601307,4507.252007252,4915.7227594568,4919.2449417329,4548.9995811161
Myanmar,. .,. .,. .,. .,. .,. .,. .,. .,. .,. .,. .,. .,. .,. .,. .,. .,. .,. .,. .,. .,. .,. .,. .,. .,2969.2360763159,2366.9890849106,2372.8953030743,2192.5437611035
Philippines,931.5610082153,954.9287610355,951.4818699739,913.2197419082,1078.8437040666,1173.0175001291,1392.1990218494,1700.4024966459,1879.3031762924,1576.4471152704,1225.5612805094,1341.0166543017,1303.0776854791,1122.1039915596,1199.1217666985,1301.2860840576,1243.2213476469,1372.7024353051,1607.2712674635,2014.3710291148,2270.9049190832,2115.7851244869,2438.1895689841,2701.4921582616,2898.6852574546,3377.0278611513,3103.1282661189,3870.4350522613
Singapore,1205.8864451755,1410.4529652457,1801.901209911,2022.8068652137,2332.1485355777,2481.4487031112,2797.163882051,3672.7976971596,4100.2382911123,4457.3043015605,4466.2703154876,4493.1738802096,4330.7269310193,4309.1275422499,4528.1164308971,4723.6795279477,5043.3964608367,5463.8308099015,5830.5274618769,6518.5289629089,7454.3241027381,7537.7618579453,8108.8514202316,8922.2678051806,9171.9480186928,9345.680492288,9667.9294424056,9417.3340066611
Thailand,1809.0033565405,1939.6934090732,2214.0177053409,2598.3371739403,2961.7698355518,3156.2998625571,3611.1332007952,3849.0258958387,3938.04724832,3264.8026577988,2110.2397520274,2056.8471215459,1881.0094535773,1724.7996371976,1812.9933356766,1891.5205883629,1866.9373284538,1984.4928282128,2441.9170054379,3522.6344363263,4465.9940624315,4799.65466753,4962.4199560054,5512.9838611819,5491.9152208113,5901.2969472108,5729.7843582781,5736.8112014323
Timor Leste,xxx,xxx,xxx,xxx,xxx,xxx,xxx,xxx,xxx,xxx,xxx,xxx,xxx,xxx,. .,. .,. .,8.23,17.105,23.735,23.651,36.481,26.389,20.53,33.388,31.683,29.624,36.959
Viet Nam,1305.8145017955,458.5624838988,511.9701363608,427.6178140879,332.9703094035,297.7163800395,431.3450121743,. .,. .,. .,. .,. .,. .,. .,. .,841.9301593852,915.0895465515,1026.4268013544,1286.5288667142,1784.2174218105,2137.6255965453,2401.4509144394,2672.2864250063,2686.5205901569,3360.8603802574,3727.2492762762,4255.721581237,4571.0829632578
Australia,5836.3478682095,6300.0158152776,6704.2136980313,7023.5090671154,6882.0915800683,6733.8292895224,7459.6965819777,7665.8784459945,8202.7765169893,7936.8849173952,7107.5428908866,7770.2506532469,7273.7603126105,7043.1458953989,7946.7662015908,9926.6494153355,11995.2197095054,13237.7984986292,14239.7795130914,17186.4409616173,18633.0923182741,18960.1385130129,23217.6928157335,26597.1986553381,26216.5808484356,24825.2625888168,25783.7087140042,23587.6548658732
Fiji,24.6738355264,29.0832114229,30.5420315887,32.4825828838,30.5391253435,32.0410956239,33.6652733383,34.7002481637,32.8511366066,30.9625401751,22.5989269285,23.8116997187,32.0395373528,32.8116558246,30.9143042681,37.2968980798,46.7988112756,43.1113502901,54.0671680588,75.5769182999,53.5856586205,51.2857223208,50.4089537145,60.7855274678,59.221516406,58.1082768995,43.2882083344,49.2227940706
New Zealand,961.838312369,959.6029064378,1057.7496718769,989.0338100155,870.3989171711,866.7880746389,979.5318169959,1146.4157282726,1238.2719868028,1180.8889065207,969.356349525,970.3060419875,858.4149194739,796.6368891224,865.7888529685,1132.8320074328,1285.1631890129,1389.770959043,1463.9508190343,1713.9959432049,1661.2428218987,1623.0135925241,1930.7480022769,2080.0910089192,2094.9460414169,2134.1058380692,2275.6835678259,2060.8326009832
Papua New Guinea,46.2947478413,53.0742422249,68.6910994764,52.6421416631,58.5696766643,68.5969921599,83.2558783396,56.405488186,78.7448732819,79.5565971474,49.7205329887,35.6780264279,33.6069816258,25.2307655988,17.0208614661,19.3071321332,24.4217294432,30.4647076839,31.3079663562,39.2870993306,39.3320222659,52.0481717807,46.3356243725,64.1931361426,110.6231852758,105.1008906176,112.375527649,99.7941942962
Albania,. .,. .,. .,. .,31.5596574818,39.2898434285,49.6495049317,50.9075217778,45.7133561087,29.8254919998,33.6380474398,42.7842052131,45.3625033923,53.2320451615,58.6493525026,76.1428817607,100.9223584355,110.1408526859,140.9839006599,194.8403092408,255.6779578185,182.7368624978,185.8932419951,197.0067892363,183.2046956602,180.0155088209,178.1203680278,132.3410335794
Bosnia-Herzegovina,xxx,xxx,xxx,xxx,. .,. .,. .,. .,. .,. .,. .,. .,. .,. .,241.0255176429,202.2828388914,200.1003072704,173.3048476525,178.3755700514,195.0496850945,233.2923906531,242.4713578476,219.9154895242,211.8782606223,197.3446502125,197.6171888259,190.3804546413,162.2292165768
Bulgaria,. .,2071.4285714286,794.5205479452,232.1763865934,255.7709115213,282.6742433028,241.9934347735,311.1471055875,213.6163562671,244.3693961519,320.3890113386,357.2245395833,351.3432048529,406.0035428043,455.9504665428,569.0540774514,650.7482017129,699.4339730518,750.9924515959,1032.1542283335,1038.0519325117,963.2541640305,893.4675339619,829.0317534804,807.5293190105,899.5840034746,835.716950628,660.8853200959
Croatia,xxx,xxx,xxx,xxx,782.0036612508,1168.9367587276,1625.2223654179,2060.3889300981,1938.6988973457,1797.1846806632,1427.2648268427,1035.9490082596,659.7750333125,629.4641037506,733.6807390544,709.3991471998,730.8670045109,799.1609012244,849.4310346895,978.8537321001,1295.9570743094,1129.09849639,1015.8766535528,1106.4640419771,955.3201636158,956.9526440521,906.5501116044,755.4561625129
Czech Rep.,xxx,xxx,xxx,xxx,xxx,815.5854669191,938.2527766101,1065.3524586767,1123.9238309959,988.3243318275,1166.0997732426,1205.9318699883,1157.2940847289,1182.5199222827,1494.3903966278,1885.7066893545,2042.0859306298,2439.538514196,2449.9637097488,2707.6777522088,2918.6958533714,2718.5595131931,2497.9029547133,2474.3132590035,2145.6876516409,2082.9867249854,2022.9073828737,1778.2713530447
Czechoslovakia,. .,. .,2334.2618384401,. .,. .,xxx,xxx,xxx,xxx,xxx,xxx,xxx,xxx,xxx,xxx,xxx,xxx,xxx,xxx,xxx,xxx,xxx,xxx,xxx,xxx,xxx,xxx,xxx
Estonia,xxx,xxx,xxx,xxx,. .,13.1465598849,25.1357353798,36.3434875828,41.4366077092,53.0316521755,59.9198474768,73.8005413248,78.3133085598,93.8185399042,122.069530654,171.4119238561,204.9681802428,265.9617457734,315.1790533332,444.1975159971,505.7798182587,434.3408651514,332.2311968672,389.2375808884,436.8529116247,479.3144608243,512.1190451235,456.9653948536
German DR,. .,. .,xxx,xxx,xxx,xxx,xxx,xxx,xxx,xxx,xxx,xxx,xxx,xxx,xxx,xxx,xxx,xxx,xxx,xxx,xxx,xxx,xxx,xxx,xxx,xxx,xxx,xxx
Hungary,1027.5086683646,812.6461281645,847.3892468899,722.5491534132,812.0179671952,735.8603855843,757.1319893496,612.1848171164,585.2719018389,695.9724609051,618.4643799965,702.9424911236,715.8576648156,845.0556738455,1079.1548236243,1401.561253104,1532.6122340268,1596.087843153,1410.071771472,1776.4641172819,1867.8774990849,1475.8181692382,1350.8204131882,1472.0698316381,1322.2777027507,1280.0509622477,1209.8021653614,1022.997290121
Kosovo,xxx,xxx,xxx,xxx,xxx,xxx,xxx,xxx,xxx,xxx,xxx,xxx,xxx,xxx,xxx,xxx,xxx,xxx,xxx,xxx,0.927234775,27.2270856284,38.5781205094,50.9688637738,43.3904038834,48.5976812333,53.5757877449,49.9897082964
Latvia,xxx,xxx,xxx,xxx,. .,17.6915079721,33.9003480436,43.5603310585,38.154934556,37.9883131495,42.1801665044,56.5686263912,69.9906833594,86.9667410977,147.2248401843,189.1442513921,229.353322501,272.5511157795,367.8254904444,481.4926271441,581.7522729266,363.8092510701,259.6721241975,296.8349292125,255.7403425892,283.56893274,299.4438199214,285.9361135759
Lithuania,xxx,xxx,xxx,xxx,. .,20.7697637694,21.0622713846,30.4536125,42.26,75.611,138.175,106.45,140.4,166.875,181.4814411905,210.8224132355,270.8417997619,303.8190063518,351.6057887604,442.0044933491,541.3901946476,404.8260286712,326.3209186864,344.6052154286,328.6316816129,354.8621497034,426.9002716662,471.3842058563
"Macedonia, FYR",xxx,xxx,xxx,xxx,. .,. .,. .,. .,130.636725853,83.2541722079,78.9912911275,66.2369204489,69.8289479075,226.3030023326,106.3095767197,115.8272017201,135.2562947911,127.0036543523,126.0088767218,162.5672370545,172.6581589149,158.7166614513,130.0214691064,132.461994809,119.4104025241,126.5063487034,123.2503053517,107.4571712704
Montenegro,xxx,xxx,xxx,xxx,xxx,xxx,xxx,xxx,xxx,xxx,xxx,xxx,xxx,xxx,xxx,xxx,xxx,60.8118191315,62.3478155057,64.1904746263,85.1063829787,76.6833879054,75.0948618956,79.3766638169,67.7122013018,70.6358152794,69.1228312712,64.884649512
Poland,1783.7815239254,1493.9062521714,1540.7368421053,1721.9958207657,1881.9350672225,2123.3784156776,2251.9231784815,2719.3626339186,3083.4167872112,3192.2763768987,3491.0226161017,3226.5553513767,3146.1067125012,3630.6455946652,3776.1732144126,4150.261758565,4778.6277490404,5896.4048611025,6619.4137588781,8589.1363644575,9349.4213942986,7903.8120084355,8790.1701323251,9455.4229880014,8986.8387920922,9275.7117274459,10345.1535748722,10459.9423791438
Romania,2524.3575285951,2572.110229466,1739.0257711048,1377.1940848729,831.620409608,722.4515197007,936.6862225015,983.1405413913,874.451238887,1074.7857822471,1254.2278927124,955.3375769592,935.5696103406,985.6576556736,1056.136062489,1250.3275592543,1530.1839039606,1975.9751514424,2251.4934246595,2607.6899415564,3000.4049450942,2225.1445399481,2086.2204600522,2379.8714824133,2102.8862234012,2452.5129810813,2691.4702874589,2481.4300700891
Serbia,xxx,xxx,xxx,xxx,. .,. .,. .,. .,. .,914.3649679482,642.1222634286,737.4694507568,337.0806083662,494.0692264813,678.511699843,730.5671229166,739.1720650755,629.5009428334,705.0627142725,971.5705646368,1111.6315378611,974.2884792381,872.33963172,986.9581936744,853.6226332308,919.8099083008,913.3685128448,724.0885116554
Slovak Rep.,xxx,xxx,xxx,xxx,xxx,266.8990365787,299.9934191353,629.6226826387,641.559871059,499.5295066541,397.5922157429,327.1691709335,342.3227689469,393.9965983216,440.0592860419,624.5084545812,711.2904280257,823.3134554496,911.37062676,1139.1944877529,1411.7102848947,1350.2944392041,1137.6805355972,1064.8428105734,1020.1800347941,967.9231078697,997.7038218027,972.7151730257
Slovenia,xxx,xxx,xxx,xxx,281.422738462,230.3036715691,237.9495041013,334.6550228583,329.9726483319,290.7852718018,301.1398222327,274.8418278491,222.3915568055,271.4887903887,326.9595228121,416.9067536765,493.1538929137,514.1727994668,608.833753373,692.6549125559,829.3844069286,798.86864219,772.0851075101,665.6796713723,543.4964165213,506.7429321033,486.194870396,407.0153061224
Yugoslavia (former),. .,. .,. .,. .,xxx,xxx,xxx,xxx,xxx,xxx,xxx,xxx,xxx,xxx,xxx,xxx,xxx,xxx,xxx,xxx,xxx,xxx,xxx,xxx,xxx,xxx,xxx,xxx
Armenia,xxx,xxx,xxx,xxx,. .,9.829763866,. .,52.228583817,52.4102685483,64.0621211905,66.7575730569,68.234148566,68.0521420654,66.2476264597,64.1064056524,76.5879988873,98.0704881985,140.7381026772,188.1891164311,280.1086883439,395.9943654423,359.499343487,395.0115077878,390.8714339022,380.5716788961,444.5518595011,457.8070217914,447.374271318
Azerbaijan,xxx,xxx,xxx,xxx,11.0701107011,77.519379845,43.9427470585,66.1599689139,71.6068412432,92.0866919675,107.2628586198,120.2621739663,119.5756517152,131.9636600642,139.8940919433,176.5521623058,228.2496316257,304.5214777332,717.1118535556,946.5997921046,1607.7992259195,1472.9099769465,1476.6087335701,3080.0849958085,3246.1226126304,3367.5741611974,3427.1799170648,3020.849287542
Belarus,xxx,xxx,xxx,xxx,. .,. .,. .,179.0816769378,182.8056145549,249.3841394285,227.5860872883,165.9038488538,140.3262047334,177.6978417266,204.3642373752,231.5638604377,314.3140177571,452.6840683065,631.8312381094,746.9432639976,883.0275229358,675.4265050751,767.6992858846,756.2773512804,817.0698940853,971.1078203389,1010.8270139115,723.7937337203
Georgia,xxx,xxx,xxx,xxx,. .,. .,. .,. .,67.7066835603,44.0077071291,41.08445698,25.8826783633,18.8242914324,23.829967873,33.9758070393,42.6474028849,70.4197427804,214.0714301476,404.1720258589,931.7505642057,1090.1602506054,603.6552149369,454.1782151554,468.7796268363,491.9825293585,408.0527942914,415.6424261823,326.969819589
Moldova,xxx,xxx,xxx,xxx,. .,. .,. .,13.3457894034,15.3546111613,17.4107509765,10.6131416761,5.990984994,5.0907979605,5.961865823,6.9783722044,8.2467425367,9.3780059531,11.9603796946,16.4494977572,22.718473793,36.8456505004,24.9063872687,18.3357182702,22.9669636924,23.870072824,26.7105221343,27.5656188549,23.0648654497
Russia,246010.993115961,218759.663794048,219114.06183136,. .,. .,7766.7200784134,13547.8717334246,12741.6294704057,15826.3406518084,17577.3531806466,7955.7304009859,6469.0352113534,9228.2041437368,11683.1513447726,13943.8250634002,16973.7390851036,20955.4135706279,27336.9772736915,34517.781618918,43534.9949962472,56183.7853932539,51532.1167975199,58720.2276087579,70237.5239514946,81469.3999312577,88352.8964635598,84696.5046534978,66420.7898753571
Ukraine,xxx,xxx,xxx,xxx,. .,152.2338665196,919.0446820594,1046.7934314052,1464.9051364603,2068.5839519569,1405.1617854781,941.7882840569,1136.7166461712,1088.5751727424,1176.3557377849,1427.9847506606,1685.0341594005,2405.4925820482,2986.4752475248,4096.0396039604,4811.019854876,3452.4671297509,3729.503858542,3684.6914237232,4136.8884862152,4386.4631552609,4033.3313703551,3622.3815490827
Austria,1713.9545768605,1623.4880552464,1972.7016815164,1994.0555459965,2139.9253217401,2115.1152666843,2227.5605501316,2557.8344941862,2457.9030486576,2164.8023433985,2159.7960032102,2124.3795458686,1925.5573981942,1788.7983105297,1881.7467413298,2381.9627689231,2679.2820646539,2686.1662438442,2640.185362439,3499.8179673108,3746.7316072802,3334.7549396188,3218.3512240992,3409.7212085827,3187.2274487533,3229.0658413429,3305.1592564825,2537.0772842432
Belgium,4097.1493083098,3880.733005733,4644.3242408038,4624.5007460015,4131.2981122132,3746.0428508964,3944.1018128327,4449.0148346107,4241.865967615,3684.0953888761,3664.2884132382,3598.4475196218,3190.8052330938,3036.0354717184,3147.146016658,3875.6977723203,4262.6635128172,4228.2246430881,4307.8953409748,5163.9799736669,6295.8215842092,5620.6700627776,5244.7205133469,5499.3709642666,5168.9978337235,5229.971360629,5191.5093812684,4168.1455190772
Cyprus,243.8158643993,244.9956633224,411.409063265,418.3873687341,630.1271060111,268.2772716201,298.4691268767,298.8333855106,448.0759093305,534.1411886635,483.7486451082,289.9703669688,281.1603742536,327.6271602916,242.4834909955,288.427605802,338.4745663217,380.8750288494,387.7036719619,405.176368466,453.8030541619,471.3527810925,477.5874285639,479.735318445,414.4963214415,384.9253610459,357.8068400292,353.7045252884
Denmark,2320.4234401392,2183.6671600426,2649.8894734801,2671.9466705021,2837.7453765906,2682.0112462484,2718.7900417417,3117.9661464702,3086.2249446856,2804.3170826987,2846.0653381745,2784.8812540853,2392.5108311869,2525.2258249007,2694.0824932138,3199.1584277901,3578.832460366,3468.4529199204,3896.7306676891,4175.6525892316,4788.0301208482,4337.355690401,4503.4921267123,4518.5901268647,4422.4580835842,4216.6475853363,4056.8615106846,3462.6962213239
Finland,1704.3306202399,1766.5861657598,2141.3009841898,2200.9915488982,2075.9555501282,1615.4248088449,1756.3389836682,1908.9868072945,2021.7970954464,1947.0025895134,1959.7088140168,1653.9051188598,1558.1352496775,1479.2708790078,1611.406522046,2263.7957459872,2646.0052274435,2743.3716360742,2861.4762005718,3015.1730405481,3615.1902442597,3599.3959794011,3399.7973630711,3749.1919844861,3602.7516593986,3786.7170146012,3599.428814562,2979.1481810115
France,36104.9629458337,35317.0629396512,42589.8687791145,42702.5990106204,45123.0860542949,42590.872342052,44392.5123227206,47768.1099997766,46403.4385835334,41308.2519852821,40041.1396803336,38897.2403308236,33814.2620232172,33276.6597166916,36403.9339325208,45916.973840733,53007.021660986,52908.769835348,54516.0768295697,60594.9868471117,66009.4481268539,66884.0288785193,61781.7481077287,64600.9272195231,60035.1538107707,62417.0991782612,63613.569143462,50859.5829636202
Germany,35096.8434557166,33604.1612483745,42318.7683011121,39516.3286231158,41965.8366929298,37215.0521098269,36330.2845173257,41158.7050954693,38989.8866488428,33217.5739249207,33146.4570569876,32604.0056380223,28149.9907868067,27425.2579395263,29333.2078490424,35055.0881794604,38007.6114556754,38054.0217877929,38092.3826525044,42551.8519430963,48081.4443183067,47470.0733354357,46255.521194101,48140.3479505946,46470.8709048252,45930.540563148,46102.6730104001,39393.3007985803
Greece,2749.5568291546,2560.2546135061,3193.3764840678,3146.8990349562,3623.0529149521,3364.413329766,3587.2449144413,4179.9132469725,4613.167576658,4573.516492293,4824.2571688824,5012.2856422983,4564.5224462391,4428.1035516461,4734.1772151899,5035.5855418641,6267.4687874442,7028.4285927474,7607.1861816166,8533.0902581032,10574.1384992859,10641.3481828677,8163.619386924,7128.6082671282,5914.9884233978,5655.1830357202,5531.2859088797,5082.6308784383
Iceland,. .,. .,. .,. .,. .,. .,. .,. .,. .,. .,. .,. .,. .,. .,. .,. .,. .,. .,. .,. .,. .,22.4930846504,19.8867819571,19.4991117167,17.4444169072,. .,. .,. .
Ireland,453.4864469937,434.2220560247,594.0060104029,624.9326581187,674.0350444622,597.7237655667,633.6993791395,702.0397031231,750.9872458173,765.3055133039,742.4021531905,741.5086077856,694.6747742768,767.7783643994,811.2559408969,965.1999810391,1101.8606470358,1144.9783614386,1190.3791173707,1372.225370156,1582.8908338521,1415.7253734495,1274.2286883563,1300.3315470109,1157.5317296549,1195.7634443723,1191.2742840381,994.7870452529
Italy,19620.8171249637,19927.2678009729,23376.1280479921,24335.6333392121,25002.3566971047,20565.9683216218,20363.5389873168,19375.2570506161,23442.0843655019,22723.9033352433,23478.1571046844,23693.8634835776,22411.1848166575,22006.0670598026,24363.0887958214,30241.5031477347,34116.2081789002,33526.0906332388,33408.1423487187,35961.7211259201,41243.6371626323,38301.4073902226,36032.2894661908,38129.9914506746,33732.7539464521,33891.9139252137,31571.1168458443,23840.0266193434
Luxembourg,86.0155596003,75.9623259623,96.6913686355,107.7360891091,123.2174562246,108.0891998251,126.0000120574,142.2568148759,141.4954215938,134.075768032,143.1397390589,140.7587891676,128.192371476,160.2849191506,153.4045456684,198.6379755179,234.6762027155,243.7447147192,247.1331922458,286.0513688037,236.7201671373,222.9598268618,274.135432541,256.9624157864,237.5030497576,258.6559062332,279.0190130522,303.2350874306
Malta,22.3836055108,21.3087814649,21.152027666,21.7448181247,26.6926908063,24.6377055716,27.8702621406,31.1448599551,33.2961748165,31.1422148912,29.0812684141,27.9866206626,25.3539480517,27.1193231139,28.4036907968,34.1255020046,40.5264691888,52.4989633176,44.4344258373,49.2633771157,56.0325191343,59.1101115104,58.7289499301,55.8931264814,49.9220089067,53.7894388834,56.5148799167,55.8629103815
Netherlands,6728.8117074389,6399.2376985896,7420.8496357891,7246.1923250096,7904.5612733518,7054.8689618513,7137.373800973,8011.5395594985,7829.0047279377,6839.1367985472,6836.0848231296,7026.4332903273,5971.8076285241,6200.3919428014,6728.153969225,8356.3384700813,9377.1147243796,9566.9800527285,10217.7657403144,11480.3774235668,12374.8489398323,12131.8120756887,11220.5232800694,11647.9346080864,10364.7207867464,10226.2603248451,10332.6028779244,8873.1144631766
Norway,2894.745725781,2932.580201318,3394.8694354718,3287.5516355234,3803.6849304047,3175.5831934289,3403.2912131354,3508.0408387476,3537.0034156045,3253.0324879125,3324.9393646208,3309.1982864843,2922.3435099934,2965.9739869768,4065.8685484821,4517.514992472,4887.3803374362,4884.9049282111,5011.7489666055,5875.2881004901,6370.9219858156,6195.6036022283,6498.6590383791,7232.2605854823,7143.9621830683,7391.829787234,7334.0736040609,5898.4192070848
Portugal,1347.8376522724,1456.5354126188,1875.0878969426,2115.3838148508,2532.6494061179,2192.2081419531,2173.6347298446,2670.1215717961,2600.8495328609,2388.6878112653,2335.5970955867,2406.493740325,2204.2564953013,2324.8114110836,2602.2304832714,3109.8129417156,3719.4315620868,4039.3224891807,4066.783668134,4366.1840747402,4812.0994616765,4949.6904186052,4718.9240376401,4904.3935191943,4137.2540453865,4724.1020820305,4111.5480635192,3684.4942324756
Spain,8900.4142265391,9302.9302958407,11695.0386445437,11680.2637541412,12250.1954296283,10041.5113531917,10092.6712573779,11439.9062711837,11294.3168547562,9865.8922410462,10333.4172342975,11113.7224904035,10273.7792518887,10222.0740753998,10270.8390193403,12880.5328012243,15262.4586367672,15997.7242202656,17252.2176126934,20065.6686348096,22227.7218295675,20178.274984962,19710.7854498738,19695.435494297,18860.6233634077,17242.9593220024,17050.6933046511,14103.5492457853
Sweden,4917.6207535314,5032.9771920681,6169.5042398869,6219.4603693776,6418.6282910044,5011.1583196611,5154.5042295395,5729.7704979624,6203.43694266,5203.2183829761,5132.2851820219,5148.7274324866,4789.4401369098,4128.0460059444,4354.5730154296,5305.6404041403,5514.7103848336,5518.4669259972,5577.2032663572,6386.2211615427,6024.7910060536,5062.9620241918,5885.9358003863,6324.7473643036,6243.6716053975,6528.7374673202,6555.518063895,5377.1641457411
Switzerland,3276.1566322695,3082.0389625473,4056.4081891215,4016.7644125831,4138.043833824,3611.2126257089,3899.2754205997,4645.360981674,4239.447900907,3498.2188505557,3494.2509708169,3146.822887195,2800.1468463561,2763.655325251,2882.6967618583,3270.337504177,3503.8198632891,3484.636759344,3328.9733937345,3524.7465364846,4098.4590384917,4055.5443233408,4115.4078491912,4973.8638487819,4592.1653776752,5032.8836643277,4612.7767147555,4770.384789029
UK,34304.1250867175,33498.6984045434,38943.7956450636,42074.2837491072,40774.9388353979,34085.8813630753,34493.5241427122,34247.8237815386,34490.9494849897,35674.8783634232,36866.2888523808,36453.3530078941,35254.8147991243,35331.9273596246,39659.5291229469,46942.962290521,53970.3028305687,55151.5641875061,57482.9756737512,65986.0896568835,65619.4504803609,57914.6278580319,58082.8487945375,60270.435686808,58495.656720591,56861.7595882819,59182.8585542566,55460.3480909251
Bahrain,207.4468085106,218.085106383,239.3617021277,263.2978723404,279.2553191489,279.2553191489,284.5744680851,303.1914893617,321.8085106383,321.8085106383,329.7872340426,364.3617021277,359.0425531915,372.3404255319,444.1489361702,515.9574468085,531.914893617,513.2978723404,574.2021276596,642.5531914894,719.9468085106,828.1914893617,842.8191489362,1033.5106382979,1182.1808510638,1347.6063829787,1475.2659574468,1429.5212765957
Egypt,4453.5650663356,3516.3448014059,2260.6451612903,1345.7573430295,1415.8199744111,1526.1653920036,1714.4097863302,1948.8769857998,2115.7429794662,2267.6503135374,2372.0484061393,2447.9787939033,2627.6983338374,2834.2562295495,2902.7684252401,2383.9148982717,2369.7435864331,2659.4397135752,2952.5201590045,3306.9082572226,3779.8803497469,4017.4044782715,4407.2864527192,4463.974191069,4557.7487673504,4359.83424377,5085.1205421039,5477.1021422721
Iran,18889.0085626582,16301.8129320636,16474.4016982345,17549.5948299352,19732.5580154057,1448.1777034806,1703.1715362057,2501.5441895579,3550.9869641929,4642.3846158233,5479.3629417438,6650.2851439977,8327.0538243626,10378.7917657186,3243.8910332327,3717.0684497839,5243.6211325994,6796.7449653948,8751.4747670359,9330.9018817711,11081.9502085691,12584.6233387062,13561.2724542139,14277.6673605682,16493.9632869287,11997.1869840994,9901.1051704399,10265.2975591698
Iraq,. .,. .,. .,. .,. .,. .,. .,. .,. .,. .,. .,. .,. .,. .,. .,. .,613.7248696179,1120.2785326087,1236.0810129343,1942.1235961325,2873.2356589667,2968.3760683761,3581.1965811966,5904.5299145299,6054.6061037413,7896.2264150943,9516.4609053498,13120.8517859805
Israel,7499.2880256476,6063.5702915425,7234.2236460244,10462.9142837712,8202.1433486661,8743.1339733214,8674.7198263062,8856.4322024239,9523.0616568885,9638.9621243934,9102.7349033698,8606.6330189662,9366.3129132215,9529.4977687455,9998.5560884391,10722.4873511781,11020.0592439323,10817.1142665127,11442.7045439242,11994.8549582866,14095.1425980274,13979.3905983402,14559.4728900422,15372.5335087992,14741.904032859,16873.7920541774,18106.0716514346,16100.5312873222
Jordan,587.7763884881,382.8910361728,322.4290053517,433.2717451011,367.7454848209,391.1374884355,407.8630267157,299.8385155423,417.4894217207,444.2877291961,496.4739069111,511.9887165021,529.3370944993,528.9266456318,521.8617771509,611.8476727786,586.7418899859,603.6671368124,701.5514809591,1032.4400564175,1358.3835799044,1568.3098591549,1557.8873239437,1594.7887323944,1472.8169014085,1444.9295774648,1550,1616.0563380282
Kuwait,1704.1239441062,2076.3907563168,8961.5364614931,12924.3779659407,6316.0120454398,2980.0655316245,3296.0555125139,3692.4355331582,3241.3855294931,2454.2688454552,2282.1535917258,2286.3525121955,2697.0755963558,2685.7352784535,2821.5218778997,3130.7464128961,3450.1187648456,3509.4178082192,3597.8164975739,4115.7367335881,4430.3420774622,4208.871205935,4335.2046530615,5393.5263190315,5941.5366369456,5698.067232521,5942.4198763003,. .
Lebanon,39.3177430785,. .,214.3610386584,229.4697310033,442.7863310739,452.9792805623,637.4734386067,746.2640541257,735.6310135926,678.1642794505,693.8718975286,829.6636247878,930.0165837479,958.5406301824,907.4626865672,923.3830845771,954.5605306799,962.5207296849,1008.9552238806,1152.2388059702,1169.4859038143,1426.2023217247,1585.4063018242,1626.5339966833,1757.2139303483,1935.7182413723,2270.0659597938,2239.4160937395
Oman,1531.8595578674,1562.0286085826,1930.5591677503,1673.0819245774,2022.8868660598,1919.8959687906,2026.7880364109,2018.4655396619,1916.2548764629,1976.0728218466,1757.6072821847,1787.2561768531,2102.9908972692,2426.5279583875,2491.2873862159,2625.7477243173,2974.2522756827,3652.0156046814,4030.1690507152,4326.1378413524,4616.6449934981,4489.9869960988,4895.188556567,6667.6202860858,12334.200260078,11688.4265279584,10951.3654096229,9882.9648894668
Qatar,982.5549450549,848.4615384615,790.7967032967,895.6318681319,. .,. .,. .,. .,. .,. .,. .,. .,. .,. .,760.989010989,784.6153846154,772.3626373626,887.5,1065.7417582418,1562.2252747253,2317.5,1948.3516483517,1876.7582417582,. .,. .,. .,. .,. .
Saudi Arabia,13354.6666666667,12749.8666666667,16355.4666666667,16355.4666666667,15360.2666666667,16451.2,14279.7333333333,13200.2666666667,13340,18126.6666666667,20861.6,18320,19964.2666666667,21026.6666666667,18501.8666666667,18747.4666666667,20910.4,25392.0386007238,29580.5073431242,35469.5130086724,38222.9333333333,41267.2,45244.5333333333,48530.9333333333,56497.8666666667,67020,80762.4,87185.8666666667
Syria,3722.8025477707,1483.6525612472,1641.7817371938,2893.8084632517,2976.570155902,1426.0952380952,1636.2997760899,957.8998189499,995.0890409326,1046.9279610445,1096.0395330516,1127.632857109,897.0449086542,1022.526577914,1102.9121569097,1436.2107335445,1388.544983486,1450.3246566684,1435.2156922841,1599.033723065,1732.416847902,2181.9745811918,2346.0212830124,2494.8874831484,. .,. .,. .,. .
Turkey,2663.9012901185,3373.7415632895,5315.4133954858,5670.6665196485,6157.947273304,7075.0869398977,5293.1739657601,6606.2458147108,7512.0907955172,7791.9863036249,8781.0481582056,9951.7888739514,9993.730196939,7216.0510448029,9050.3771819828,10277.9017782782,10920.773882178,12081.156313729,13363.2989811949,15319.1618626529,17127.3132218592,16352.3018436202,17939.3705124443,17304.8815609775,17958.2404056362,18614.6669803871,17770.315596659,15275.4889362898
UAE,. .,. .,. .,. .,. .,. .,. .,. .,. .,3335.7667414849,4010.3471749489,4233.0837304289,5875.8339006127,5797.957794418,5354.1184479238,5834.7174948945,6816.8822328114,6604.2205582029,7165.4186521443,8460.9938733833,11571.6814159292,13836.3512593601,17504.6970728387,19181.7562968005,19024.0980258679,23561.0619469027,22755.0714771954,. .
Yemen,xxx,xxx,807.0707154811,1028.2179165869,1306.9000258116,1535.4576564725,2353.2693316459,805.8923779114,416.0086324181,397.0730424424,384.5027303101,395.2529572689,473.6640324516,540.1014987668,737.3665480427,807.3132440801,735.4851279387,815.6274639834,822.1305360596,1050.4993641714,1196.4117658837,1420.7752641153,1448.1533767476,1612.2544434051,1618.8401267081,1648.7505235237,1714.8308436875,. .
"Yemen, North",. .,. .,xxx,xxx,xxx,xxx,xxx,xxx,xxx,xxx,xxx,xxx,xxx,xxx,xxx,xxx,xxx,xxx,xxx,xxx,xxx,xxx,xxx,xxx,xxx,xxx,xxx,xxx
"Yemen, South",. .,. .,xxx,xxx,xxx,xxx,xxx,xxx,xxx,xxx,xxx,xxx,xxx,xxx,xxx,xxx,xxx,xxx,xxx,xxx,xxx,xxx,xxx,xxx,xxx,xxx,xxx,xxx
